Country,Year,Acts against computer systems (number),Attempted intentional homicide (number),Bribery (number),Burglary (number),Child pornography (number),Corruption (number),Fraud (number),Intentional homicide (number),Kidnapping (number),Money laundering (number),Participation in an organized criminal group (number),Robbery (number),Sexual exploitation (number),Sexual violence (number),Theft (number),Unlawful acts involving controlled drugs or precursors (number),Total Crimes number,Acts against computer systems (per100k),Attempted intentional homicide (per100k),Bribery (per100k),Burglary (per100k),Child pornography (per100k),Corruption (per100k),Fraud (per100k),Intentional homicide (per100k),Kidnapping (per100k),Money laundering (per100k),Participation in an organized criminal group (per100k),Robbery (per100k),Sexual exploitation (per100k),Sexual violence (per100k),Theft (per100k),Unlawful acts involving controlled drugs or precursors (per100k),Total Crimes per100k,Migration Data
Austria,2012,,109.0,,85238.0,,,,88.0,11.0,,,4092.0,,4040.0,146520.0,1990.0,242088.0,,1.3,,1013.76,,,,1.05,0.13,,,48.67,,48.05,1742.6,23.67,2879.23,125605.0
Austria,2013,,105.0,,88703.0,,,,63.0,4.0,,,3737.0,,3780.0,154002.0,27231.0,277625.0,,1.24,,1049.51,,,,0.75,0.05,,,44.22,,44.72,1822.11,322.19,3284.7899999999995,135228.0
Austria,2014,,70.0,,85487.0,,,,43.0,1.0,,,3481.0,,3564.0,148263.0,29164.0,270073.0,,0.82,,1004.91,,,,0.51,0.01,,,40.92,,41.9,1742.86,342.83,3174.7599999999998,154260.0
Austria,2015,,96.0,,79152.0,,,,42.0,3.0,,,3416.0,,3479.0,140254.0,33080.0,259522.0,,1.12,,922.92,,,,0.49,0.03,,,39.79,,40.57,1635.37,385.72,3026.01,198658.0
Austria,2016,13103.0,99.0,20.0,80503.0,685.0,3151.0,32543.0,49.0,2.0,562.0,57.0,3103.0,835.0,4391.0,143531.0,36235.0,318869.0,150.6,1.14,0.23,926.38,7.87,36.22,374.04,0.56,0.02,6.46,0.66,35.66,9.6,50.53,1651.67,416.97,3668.6099999999997,158746.0
Austria,2017,3187.0,151.0,30.0,69259.0,740.0,3209.0,35050.0,61.0,3.0,622.0,74.0,2610.0,927.0,4253.0,131717.0,42699.0,294592.0,36.33,1.72,0.34,789.47,8.44,36.58,399.53,0.7,0.03,7.09,0.84,29.75,10.57,48.48,1501.41,486.72,3358.0,139329.0
Austria,2018,2762.0,131.0,24.0,58637.0,1172.0,3113.0,37859.0,73.0,5.0,666.0,79.0,2396.0,1358.0,4425.0,118802.0,41177.0,272679.0,31.31,1.48,0.27,664.65,13.28,35.29,429.13,0.83,0.06,7.55,0.9,27.16,15.39,50.16,1346.62,466.74,3090.8199999999997,131724.0
Austria,2019,7292.0,171.0,38.0,54324.0,1681.0,3158.0,49627.0,74.0,6.0,430.0,119.0,2628.0,1859.0,4509.0,115423.0,43767.0,285106.0,82.31,1.93,0.43,613.22,18.98,35.65,560.2,0.84,0.07,4.85,1.34,29.67,20.98,50.9,1302.92,494.05,3218.34,134966.0
Austria,2020,12585.0,133.0,37.0,48437.0,1710.0,2879.0,54410.0,54.0,3.0,527.0,94.0,2137.0,1917.0,4141.0,84734.0,40785.0,254583.0,141.39,1.49,0.42,544.17,19.21,32.34,611.28,0.61,0.03,5.92,1.06,24.01,21.54,46.52,951.95,458.2,2860.1400000000003,121311.0
Austria,2021,15089.0,121.0,57.0,40385.0,1930.0,2915.0,57407.0,59.0,3.0,742.0,90.0,2118.0,2115.0,4354.0,73213.0,35461.0,236059.0,168.92,1.35,0.64,452.1,21.61,32.63,642.66,0.66,0.03,8.31,1.01,23.71,23.68,48.74,819.61,396.98,2642.6400000000003,139543.0
Austria,2022,21974.0,134.0,148.0,49592.0,,3085.0,70429.0,65.0,9.0,755.0,88.0,2536.0,2239.0,4968.0,97139.0,35232.0,288393.0,244.73,1.49,1.65,552.32,,34.36,784.38,0.72,0.1,8.41,0.98,28.24,24.94,55.33,1081.86,392.39,3211.9,246265.0
Belgium,2012,,836.0,,102451.0,,,,206.0,1185.0,,,25608.0,,10736.0,237921.0,11334.0,390277.0,,7.55,,923.41,,,,1.86,10.68,,,230.81,,96.77,2144.43,102.16,3517.67,116055.0
Belgium,2013,,809.0,,99934.0,,,,204.0,1163.0,,,22879.0,,11399.0,224109.0,11419.0,371916.0,,7.26,,895.33,,,,1.83,10.42,,,204.98,,102.13,2007.85,102.31,3332.1099999999997,105529.0
Belgium,2014,,849.0,,96419.0,,,,210.0,1151.0,,,21928.0,,6897.0,208443.0,55132.0,391029.0,,7.59,,862.36,,,,1.88,10.29,,,196.12,,61.69,1864.29,493.09,3497.31,106345.0
Belgium,2015,,880.0,,91761.0,,,,231.0,1171.0,,,20278.0,,6888.0,246853.0,52657.0,420719.0,,7.83,,816.58,,,,2.06,10.42,,,180.45,,61.3,2196.73,468.59,3743.96,128762.0
Belgium,2016,3660.0,881.0,96.0,78953.0,1323.0,5158.0,55597.0,175.0,1201.0,882.0,242.0,18678.0,2510.0,7832.0,232504.0,55581.0,465273.0,32.36,7.79,0.85,698.01,11.7,45.6,491.53,1.55,10.62,7.8,2.14,165.13,22.19,69.24,2055.54,491.38,4113.429999999999,106087.0
Belgium,2017,3985.0,971.0,100.0,75151.0,1729.0,4596.0,57995.0,198.0,1170.0,905.0,285.0,17645.0,2851.0,8634.0,223563.0,58254.0,458032.0,35.1,8.55,0.88,662.02,15.23,40.49,510.89,1.74,10.31,7.97,2.51,155.44,25.12,76.06,1969.42,513.17,4034.8999999999996,109167.0
Belgium,2018,5461.0,1027.0,97.0,71176.0,1875.0,4729.0,66051.0,192.0,,1354.0,263.0,16483.0,2961.0,8737.0,222049.0,59786.0,462241.0,47.91,9.01,0.85,624.43,16.45,41.49,579.47,1.68,,11.88,2.31,144.61,25.98,76.65,1948.04,524.5,4055.26,119663.0
Belgium,2019,6553.0,1025.0,100.0,66045.0,2651.0,4849.0,81271.0,147.0,,2375.0,308.0,16297.0,3760.0,9638.0,227402.0,63745.0,486166.0,57.2,8.95,0.87,576.53,23.14,42.33,709.45,1.28,,20.73,2.69,142.26,32.82,84.13,1985.09,556.46,4243.929999999999,129450.0
Belgium,2020,9430.0,1018.0,73.0,47667.0,2120.0,4333.0,95733.0,150.0,,6093.0,322.0,11869.0,3670.0,9398.0,157085.0,61799.0,410760.0,81.84,8.83,0.63,413.69,18.4,37.6,830.84,1.3,,52.88,2.79,103.01,31.85,81.56,1363.3,536.34,3564.8599999999997,101553.0
Belgium,2021,8837.0,1053.0,90.0,45940.0,1800.0,4863.0,101776.0,154.0,,6417.0,520.0,11567.0,3804.0,10527.0,166968.0,56440.0,420756.0,76.48,9.11,0.78,397.58,15.58,42.09,880.81,1.33,,55.54,4.5,100.11,32.92,91.11,1445.01,488.46,3641.4099999999994,122386.0
Belgium,2022,9544.0,1196.0,69.0,51698.0,,5020.0,113525.0,179.0,,4089.0,341.0,12126.0,2112.0,10693.0,195873.0,56234.0,462699.0,82.15,10.29,0.59,445.0,,43.21,977.18,1.54,,35.2,2.94,104.38,18.18,92.04,1686.0,484.04,3982.74,192002.0
Czechia,2012,,93.0,,55554.0,,,,95.0,17.0,,,3416.0,,1410.0,120028.0,3814.0,184427.0,,0.89,,528.81,,,,0.9,0.16,,,32.52,,13.42,1142.53,36.3,1755.53,28607.0
Czechia,2013,,92.0,,62384.0,,,,90.0,20.0,,,3051.0,,1417.0,126223.0,5117.0,198394.0,,0.87,,593.22,,,,0.86,0.19,,,29.01,,13.47,1200.28,48.66,1886.56,27843.0
Czechia,2014,,79.0,,49304.0,,,,81.0,15.0,,,2547.0,,1432.0,104464.0,5597.0,163519.0,,0.75,,469.01,,,,0.77,0.14,,,24.23,,13.62,993.72,53.24,1555.48,38490.0
Czechia,2015,,67.0,,34476.0,,,,88.0,12.0,,,2022.0,,1422.0,85366.0,5549.0,129002.0,,0.64,,327.15,,,,0.84,0.11,,,19.19,,13.49,810.06,52.66,1224.1399999999999,31589.0
Czechia,2016,,71.0,98.0,28220.0,360.0,2959.0,9836.0,65.0,18.0,1180.0,11.0,1646.0,396.0,1393.0,71224.0,5567.0,123044.0,,0.67,0.93,267.39,3.41,28.04,93.2,0.62,0.17,11.18,0.1,15.6,3.75,13.2,674.86,52.75,1165.87,34808.0
Czechia,2017,784.0,45.0,92.0,24127.0,489.0,2723.0,8752.0,40.0,17.0,933.0,5.0,1585.0,549.0,1414.0,66101.0,5599.0,113255.0,7.41,0.43,0.87,228.07,4.62,25.74,82.73,0.38,0.16,8.82,0.05,14.98,5.19,13.37,624.84,52.93,1070.5900000000001,43527.0
Czechia,2018,893.0,43.0,281.0,21151.0,649.0,2596.0,8449.0,55.0,13.0,780.0,9.0,1406.0,683.0,1448.0,59438.0,5465.0,103359.0,8.42,0.41,2.65,199.35,6.12,24.47,79.63,0.52,0.12,7.35,0.08,13.25,6.44,13.65,560.2,51.51,974.17,55872.0
Czechia,2019,1092.0,62.0,122.0,22161.0,728.0,2339.0,9179.0,81.0,12.0,626.0,24.0,1439.0,765.0,1560.0,59850.0,4819.0,104859.0,10.25,0.58,1.15,208.09,6.84,21.96,86.19,0.76,0.11,5.88,0.23,13.51,7.18,14.65,561.98,45.25,984.61,63340.0
Czechia,2020,1287.0,68.0,115.0,20661.0,666.0,1689.0,7952.0,57.0,11.0,556.0,18.0,1248.0,666.0,1453.0,45638.0,4191.0,86276.0,12.03,0.64,1.08,193.2,6.23,15.79,74.36,0.53,0.1,5.2,0.17,11.67,6.23,13.59,426.77,39.19,806.78,53795.0
Czechia,2021,1866.0,59.0,95.0,30748.0,627.0,1396.0,11715.0,46.0,2.0,564.0,22.0,1230.0,765.0,1593.0,26928.0,4196.0,81852.0,17.44,0.55,0.89,292.98,5.97,13.3,111.63,0.43,0.02,5.37,0.21,11.49,7.29,14.89,256.58,39.21,778.25,67270.0
Czechia,2022,2848.0,63.0,180.0,33750.0,,1610.0,16100.0,79.0,2.0,691.0,22.0,1422.0,948.0,1822.0,34774.0,4200.0,98511.0,27.08,0.6,1.71,320.92,,15.31,153.09,0.75,0.02,6.57,0.21,13.52,9.01,17.32,330.65,39.94,936.7,347726.0
Denmark,2012,,142.0,,80930.0,,,,43.0,,,,3003.0,,1904.0,281515.0,23141.0,390678.0,,2.54,,1450.22,,,,0.77,,,,53.81,,34.12,5044.6,414.67,7000.73,49592.0
Denmark,2013,,165.0,,78955.0,,,,41.0,,,,3200.0,,1843.0,269086.0,25782.0,379072.0,,2.95,,1409.25,,,,0.73,,,,57.12,,32.9,4802.85,460.18,6765.98,55953.0
Denmark,2014,,148.0,,69637.0,,,,62.0,,,,2322.0,,2368.0,250773.0,28093.0,353403.0,,2.63,,1237.5,,,,1.1,,,,41.26,,42.08,4456.42,499.23,6280.22,64532.0
Denmark,2015,,141.0,,63343.0,,,,52.0,,,,2034.0,,2611.0,225868.0,24813.0,318862.0,,2.49,,1119.19,,,,0.92,,,,35.94,,46.13,3990.8,438.41,5633.88,75369.0
Denmark,2016,,194.0,53.0,60136.0,239.0,5246.0,39282.0,53.0,,4.0,,2185.0,597.0,3793.0,225511.0,23683.0,360976.0,,3.4,0.93,1053.68,4.19,91.92,688.28,0.93,,0.07,,38.28,10.46,66.46,3951.31,414.96,6324.870000000001,71228.0
Denmark,2017,,212.0,27.0,54922.0,1752.0,3717.0,43938.0,61.0,,113.0,,2042.0,2039.0,4795.0,213924.0,27684.0,355226.0,,3.69,0.47,955.37,30.48,64.66,764.3,1.06,,1.97,,35.52,35.47,83.41,3721.21,481.56,6179.17,66424.0
Denmark,2018,,209.0,315.0,54868.0,1593.0,4833.0,43348.0,54.0,,105.0,,1819.0,1681.0,5540.0,182819.0,30170.0,327354.0,,3.62,5.45,949.08,27.55,83.6,749.81,0.93,,1.82,,31.46,29.08,95.83,3162.31,521.86,5662.400000000001,64577.0
Denmark,2019,,149.0,46.0,48257.0,1505.0,5060.0,47627.0,54.0,,258.0,,1698.0,1601.0,4895.0,170043.0,32954.0,314147.0,,2.57,0.79,831.15,25.92,87.15,820.3,0.93,,4.44,,29.25,27.57,84.31,2928.71,567.58,5410.67,61929.0
Denmark,2020,,151.0,13.0,38493.0,1815.0,3873.0,53864.0,51.0,,1184.0,,1635.0,1901.0,5370.0,142042.0,31221.0,281613.0,,2.59,0.22,661.08,31.17,66.51,925.06,0.88,,20.33,,28.08,32.65,92.22,2439.43,536.19,4836.41,48005.0
Denmark,2021,,133.0,53.0,30433.0,2051.0,4777.0,45482.0,42.0,,2557.0,,1287.0,2125.0,6343.0,124628.0,28666.0,248577.0,,2.28,0.91,521.11,35.12,81.8,778.8,0.72,,43.78,,22.04,36.39,108.61,2134.02,490.85,4256.43,57261.0
Denmark,2022,,140.0,10.0,31589.0,,3481.0,57183.0,59.0,,5903.0,,1406.0,3365.0,6296.0,146613.0,31269.0,287314.0,,2.38,0.17,537.83,,59.27,973.59,1.0,,100.5,,23.94,57.29,107.19,2496.21,532.38,4891.75,101175.0
Estonia,2012,,17.0,,2718.0,,,,63.0,0.0,,,457.0,,248.0,18628.0,4616.0,26747.0,,1.28,,205.1,,,,4.75,0.0,,,34.48,,18.71,1405.66,348.32,2018.3,1107.0
Estonia,2013,,10.0,,2132.0,,,,52.0,1.0,,,476.0,,240.0,16465.0,4638.0,24014.0,,0.76,,161.49,,,,3.94,0.08,,,36.06,,18.18,1247.18,351.32,1819.0100000000002,1633.0
Estonia,2014,,14.0,,2072.0,,,,41.0,0.0,,,360.0,,199.0,15738.0,4052.0,22476.0,,1.06,,157.47,,,,3.12,0.0,,,27.36,,15.12,1196.06,307.95,1708.1399999999999,1347.0
Estonia,2015,,17.0,,1662.0,,,,50.0,0.0,,,337.0,,284.0,11354.0,4982.0,18686.0,,1.29,,126.4,,,,3.8,0.0,,,25.63,,21.6,863.51,378.9,1421.1299999999999,7370.0
Estonia,2016,130.0,11.0,,1328.0,118.0,,1685.0,33.0,0.0,68.0,,248.0,,271.0,8982.0,5653.0,18527.0,9.88,0.84,,100.92,8.97,,128.04,2.51,0.0,5.17,,18.85,,20.59,682.55,429.58,1407.8999999999999,7693.0
Estonia,2017,167.0,16.0,165.0,965.0,154.0,291.0,1561.0,29.0,0.0,41.0,34.0,201.0,,259.0,7633.0,5808.0,17324.0,12.69,1.22,12.54,73.35,11.71,22.12,118.65,2.2,0.0,3.12,2.58,15.28,,19.69,580.18,441.46,1316.7899999999997,9067.0
Estonia,2018,205.0,18.0,177.0,755.0,184.0,376.0,1453.0,25.0,0.0,101.0,16.0,170.0,,296.0,7403.0,4505.0,15684.0,15.54,1.36,13.42,57.23,13.95,28.5,110.15,1.9,0.0,7.66,1.21,12.89,,22.44,561.2,341.51,1188.96,9711.0
Estonia,2019,197.0,11.0,37.0,600.0,175.0,72.0,1813.0,23.0,0.0,190.0,5.0,152.0,,355.0,6804.0,3998.0,14432.0,14.87,0.83,2.79,45.29,13.21,5.43,136.85,1.74,0.0,14.34,0.38,11.47,,26.8,513.58,301.78,1089.3600000000001,10953.0
Estonia,2020,255.0,13.0,40.0,582.0,156.0,81.0,1845.0,37.0,0.0,21.0,3.0,113.0,,310.0,6863.0,3701.0,14020.0,19.19,0.98,3.01,43.79,11.74,6.09,138.83,2.78,0.0,1.58,0.23,8.5,,23.33,516.41,278.49,1054.95,10309.0
Estonia,2021,250.0,9.0,41.0,491.0,231.0,87.0,2852.0,19.0,0.0,18.0,1.0,129.0,,393.0,7513.0,3620.0,15654.0,18.8,0.68,3.08,36.92,17.37,6.54,214.43,1.43,0.0,1.35,0.08,9.7,,29.55,564.86,272.17,1176.9599999999998,12468.0
Estonia,2022,231.0,9.0,108.0,528.0,,165.0,2612.0,18.0,0.0,20.0,2.0,98.0,,363.0,8027.0,3130.0,15311.0,17.34,0.68,8.11,39.65,,12.39,196.13,1.35,0.0,1.5,0.15,7.36,,27.26,602.72,235.02,1149.66,42433.0
Finland,2012,,349.0,,24308.0,,,,107.0,1.0,,,1616.0,,3234.0,126244.0,20102.0,175961.0,,6.46,,450.04,,,,1.98,0.02,,,29.91,,59.87,2337.3,372.17,3257.75,23334.0
Finland,2013,,264.0,,9593.0,,,,107.0,1.0,,,1523.0,,2988.0,137219.0,22656.0,174351.0,,4.86,,176.77,,,,1.97,0.02,,,28.07,,55.06,2528.6,417.49,3212.8399999999997,23873.0
Finland,2014,,327.0,,10411.0,,,,112.0,1.0,,,1687.0,,2825.0,137465.0,21781.0,174609.0,,6.0,,190.98,,,,2.05,0.02,,,30.95,,51.82,2521.71,399.56,3203.09,23647.0
Finland,2015,,299.0,,10051.0,,,,116.0,1.0,,,1548.0,,2772.0,132978.0,23433.0,171198.0,,5.46,,183.69,,,,2.12,0.02,,,28.29,,50.66,2430.26,428.25,3128.75,21414.0
Finland,2016,1008.0,311.0,25.0,8629.0,143.0,3667.0,44788.0,96.0,3.0,370.0,2.0,1670.0,282.0,3188.0,126734.0,25121.0,216037.0,18.37,5.67,0.46,157.25,2.61,66.83,816.21,1.75,0.05,6.74,0.04,30.43,5.14,58.1,2309.58,457.8,3937.03,27274.0
Finland,2017,935.0,348.0,17.0,7807.0,111.0,3565.0,35320.0,74.0,2.0,473.0,0.0,1640.0,324.0,3054.0,121178.0,27639.0,202487.0,16.99,6.32,0.31,141.86,2.02,64.78,641.8,1.34,0.04,8.59,0.0,29.8,5.89,55.49,2201.92,502.23,3679.38,23735.0
Finland,2018,918.0,355.0,27.0,7854.0,126.0,3846.0,35699.0,95.0,4.0,426.0,1.0,1700.0,368.0,3537.0,118193.0,29176.0,202325.0,16.65,6.44,0.49,142.46,2.29,69.76,647.53,1.72,0.07,7.73,0.02,30.84,6.67,64.16,2143.85,529.21,3669.8900000000003,23146.0
Finland,2019,1142.0,329.0,13.0,7501.0,185.0,3960.0,40294.0,83.0,1.0,452.0,2.0,1805.0,569.0,4009.0,122731.0,32343.0,215419.0,20.7,5.96,0.24,135.94,3.35,71.77,730.24,1.5,0.02,8.19,0.04,32.71,10.31,72.65,2224.23,586.14,3903.9900000000002,24178.0
Finland,2020,1594.0,383.0,267.0,7790.0,545.0,4041.0,47132.0,95.0,3.0,594.0,3.0,1995.0,895.0,4062.0,134831.0,37124.0,241354.0,28.85,6.93,4.83,140.99,9.86,73.14,853.02,1.72,0.05,10.75,0.05,36.11,16.2,73.52,2440.25,671.89,4368.160000000001,23260.0
Finland,2021,1972.0,374.0,23.0,6345.0,405.0,3700.0,47474.0,94.0,2.0,700.0,3.0,1892.0,802.0,5016.0,124104.0,28276.0,221182.0,35.64,6.76,0.42,114.66,7.32,66.86,857.89,1.7,0.04,12.65,0.05,34.19,14.49,90.64,2242.66,510.97,3996.9399999999996,28043.0
Finland,2022,2280.0,349.0,22.0,5810.0,,3672.0,53916.0,83.0,2.0,926.0,3.0,2329.0,953.0,5108.0,124826.0,25206.0,225485.0,41.09,6.29,0.4,104.72,,66.18,971.77,1.5,0.04,16.69,0.05,41.98,17.18,92.07,2249.83,454.31,4064.0999999999995,42470.0
France,2012,,1560.0,,364462.0,,,,814.0,2117.0,,,123814.0,,26783.0,1173885.0,5902.0,1699337.0,,2.39,,558.33,,,,1.25,3.24,,,189.67,,41.03,1798.31,9.04,2603.2599999999998,151599.0
France,2013,,1503.0,,385511.0,,,,802.0,2266.0,,,124657.0,,27778.0,1390001.0,6455.0,1938973.0,,2.29,,587.67,,,,1.22,3.45,,,190.02,,42.34,2118.89,9.84,2955.72,249176.0
France,2014,,1678.0,,379153.0,,,,765.0,2956.0,,,114093.0,,30959.0,1429398.0,6895.0,1965897.0,,2.54,,574.98,,,,1.16,4.48,,,173.02,,46.95,2167.66,10.46,2981.2499999999995,236915.0
France,2015,,2112.0,,379253.0,,,,880.0,3818.0,,,104116.0,,33283.0,1397363.0,7483.0,1928308.0,,3.18,,570.41,,,,1.32,5.74,,,156.59,,50.06,2101.67,11.25,2900.2200000000003,240497.0
France,2016,10549.0,2259.0,190.0,366480.0,2409.0,2007.0,197720.0,779.0,3818.0,1113.0,1339.0,105636.0,7644.0,35464.0,1464569.0,241887.0,2443863.0,15.83,3.39,0.29,549.95,3.62,3.01,296.71,1.17,5.72,1.67,2.01,158.52,11.47,53.22,2197.79,362.98,3667.3500000000004,243597.0
France,2017,10169.0,2284.0,204.0,365731.0,2981.0,1966.0,173909.0,710.0,,1222.0,1548.0,99558.0,8969.0,39690.0,1453593.0,227143.0,2389677.0,15.22,3.43,0.31,547.42,4.46,2.94,260.3,1.06,,1.83,2.32,149.4,13.42,59.41,2181.31,339.98,3582.81,246227.0
France,2018,9943.0,2482.0,231.0,339333.0,3645.0,2356.0,180411.0,696.0,,1516.0,1551.0,91953.0,9374.0,47736.0,1421318.0,247111.0,2359656.0,14.83,3.72,0.34,506.27,5.44,3.52,269.16,1.04,,2.27,2.31,137.99,13.99,71.63,2132.88,368.68,3534.07,259934.0
France,2019,11400.0,2718.0,230.0,334519.0,4435.0,2395.0,205673.0,753.0,,1712.0,1607.0,89966.0,10632.0,55223.0,1440130.0,244634.0,2406027.0,16.97,4.05,0.34,497.96,6.6,3.57,306.16,1.12,,2.55,2.39,133.92,15.83,82.2,2143.76,364.16,3581.58,268462.0
France,2020,13807.0,3115.0,204.0,279437.0,4858.0,2287.0,230854.0,692.0,,2102.0,1651.0,74190.0,11416.0,57828.0,1144181.0,217736.0,2044358.0,20.51,4.63,0.3,415.09,7.22,3.4,342.92,1.03,,3.12,2.45,110.2,16.96,85.9,1699.61,323.43,3036.7699999999995,208493.0
France,2021,16035.0,3136.0,265.0,269431.0,5336.0,2734.0,270511.0,734.0,,2712.0,2169.0,70502.0,12447.0,76594.0,1180970.0,288717.0,2202293.0,23.7,4.64,0.39,398.23,7.89,4.04,399.83,1.08,,4.01,3.21,104.21,18.4,113.21,1745.53,426.74,3255.11,250383.0
France,2022,16244.0,3584.0,240.0,296218.0,,2504.0,259497.0,821.0,,2893.0,2100.0,68000.0,12415.0,85571.0,1333128.0,331773.0,2414988.0,23.93,5.28,0.35,436.44,,3.69,382.33,1.21,,4.26,3.09,100.19,18.29,126.08,1964.18,488.82,3558.14,284910.0
Germany,2012,,1588.0,,430211.0,,,,619.0,5183.0,,,48711.0,,36277.0,1267576.0,237150.0,2027315.0,,1.98,,535.57,,,,0.77,6.45,,,60.64,,45.16,1578.0,295.22,2523.79,965908.0
Germany,2013,,1591.0,,437520.0,,,,623.0,4929.0,,,47234.0,,35330.0,1289071.0,253525.0,2069823.0,,1.98,,543.34,,,,0.77,6.12,,,58.66,,43.88,1600.86,314.85,2570.46,1108068.0
Germany,2014,,1625.0,,446073.0,,,,645.0,4988.0,,,45475.0,,34959.0,1322144.0,276734.0,2132643.0,,2.01,,552.29,,,,0.8,6.18,,,56.3,,43.28,1636.98,342.63,2640.4700000000003,1342529.0
Germany,2015,,1551.0,,463929.0,,,,655.0,4763.0,,,44666.0,,34265.0,1348955.0,282604.0,2181388.0,,1.91,,571.36,,,,0.81,5.87,,,55.01,,42.2,1661.33,348.05,2686.54,2016241.0
Germany,2016,15060.0,1757.0,6502.0,432730.0,,6502.0,899043.0,747.0,4756.0,11541.0,563.0,43009.0,,37166.0,1290481.0,302594.0,3052451.0,18.33,2.14,7.91,526.59,,7.91,1094.05,0.91,5.79,14.04,0.69,52.34,,45.23,1570.39,368.23,3714.5499999999997,1719075.0
Germany,2017,12954.0,1722.0,3850.0,365182.0,6672.0,3850.0,910352.0,738.0,4625.0,10015.0,572.0,38849.0,9046.0,34815.0,1156422.0,330580.0,2890244.0,15.7,2.09,4.67,442.53,8.09,4.67,1103.17,0.89,5.6,12.14,0.69,47.08,10.96,42.19,1401.36,400.6,3502.4299999999994,1384018.0
Germany,2018,11495.0,1927.0,3970.0,326409.0,7682.0,3970.0,840783.0,632.0,4563.0,8652.0,535.0,36756.0,10386.0,40585.0,1082478.0,350662.0,2731485.0,13.88,2.33,4.8,394.25,9.28,4.8,1015.53,0.76,5.51,10.45,0.65,44.4,12.54,49.02,1307.46,423.54,3299.2,1383580.0
Germany,2019,13026.0,1807.0,4147.0,311231.0,12517.0,4147.0,832966.0,586.0,4514.0,9764.0,579.0,36052.0,16019.0,40724.0,1025321.0,359747.0,2673147.0,15.69,2.18,5.0,374.89,15.08,5.0,1003.34,0.71,5.44,11.76,0.7,43.43,19.3,49.05,1235.04,433.33,3219.94,1345943.0
Germany,2020,14416.0,1773.0,4170.0,298357.0,19036.0,4170.0,808074.0,719.0,4565.0,8942.0,594.0,33872.0,23157.0,41079.0,931793.0,365753.0,2560470.0,17.33,2.13,5.01,358.75,22.89,5.01,971.63,0.86,5.49,10.75,0.71,40.73,27.84,49.39,1120.39,439.78,3078.69,994819.0
Germany,2021,19704.0,1551.0,5110.0,243174.0,39442.0,5110.0,793622.0,631.0,5062.0,14785.0,696.0,30125.0,44722.0,41790.0,835368.0,361048.0,2441940.0,23.7,1.87,6.15,292.43,47.43,6.15,954.39,0.76,6.09,17.78,0.84,36.23,53.78,50.26,1004.59,434.19,2936.64,1139816.0
Germany,2022,16566.0,1725.0,4928.0,260605.0,,4928.0,801412.0,614.0,4891.0,22614.0,639.0,38195.0,47309.0,49690.0,1043887.0,340677.0,2638680.0,19.9,2.07,5.92,313.09,,5.92,962.81,0.74,5.88,27.17,0.77,45.89,56.84,59.7,1254.11,409.28,3170.09,2481019.0
Greece,2012,,185.0,,57476.0,,,,165.0,139.0,,,5992.0,,486.0,62447.0,10144.0,137034.0,,1.67,,518.44,,,,1.49,1.25,,,54.05,,4.38,563.28,91.5,1236.06,17732.0
Greece,2013,,177.0,,49157.0,,,,141.0,95.0,,,4919.0,,468.0,53810.0,10473.0,119240.0,,1.61,,446.74,,,,1.28,0.86,,,44.7,,4.25,489.02,95.18,1083.64,31302.0
Greece,2014,,155.0,,43647.0,,,,105.0,58.0,,,3800.0,,466.0,50710.0,10855.0,109796.0,,1.42,,399.45,,,,0.96,0.53,,,34.78,,4.26,464.09,99.34,1004.8299999999999,29510.0
Greece,2015,,169.0,,45795.0,,,,86.0,89.0,,,4316.0,,554.0,55151.0,10787.0,116947.0,,1.56,,421.76,,,,0.79,0.82,,,39.75,,5.1,507.93,99.35,1077.06,33986.0
Greece,2016,142.0,132.0,,44682.0,258.0,,3790.0,81.0,61.0,26.0,405.0,4738.0,534.0,493.0,57158.0,11086.0,123586.0,1.32,1.22,,414.35,2.39,,35.15,0.75,0.57,0.24,3.76,43.94,4.95,4.57,530.04,102.8,1146.05,86120.0
Greece,2017,193.0,150.0,119.0,19593.0,164.0,902.0,3253.0,78.0,78.0,29.0,459.0,4271.0,348.0,453.0,92666.0,12795.0,135551.0,1.79,1.39,1.11,181.95,1.52,8.38,30.21,0.72,0.72,0.27,4.26,39.66,3.23,4.21,860.55,118.82,1258.79,80504.0
Greece,2018,280.0,124.0,231.0,17626.0,282.0,658.0,3184.0,94.0,74.0,26.0,335.0,4358.0,456.0,423.0,80351.0,13528.0,122030.0,2.61,1.15,2.15,164.1,2.63,6.13,29.64,0.88,0.69,0.24,3.12,40.57,4.24,3.94,748.07,125.95,1136.1100000000001,87290.0
Greece,2019,349.0,117.0,190.0,19497.0,329.0,614.0,3208.0,76.0,72.0,36.0,377.0,4335.0,431.0,303.0,85825.0,13595.0,129354.0,3.25,1.09,1.77,181.8,3.07,5.73,29.91,0.71,0.67,0.34,3.52,40.42,4.02,2.83,800.26,126.76,1206.15,95385.0
Greece,2020,367.0,129.0,64.0,13892.0,233.0,607.0,4059.0,73.0,73.0,38.0,395.0,2541.0,337.0,192.0,60947.0,12823.0,96770.0,3.42,1.2,0.6,129.61,2.17,5.66,37.87,0.68,0.68,0.35,3.69,23.71,3.14,1.79,568.61,119.63,902.81,63357.0
Greece,2021,387.0,152.0,253.0,13363.0,211.0,757.0,8546.0,89.0,62.0,80.0,358.0,2403.0,325.0,320.0,58937.0,11978.0,98221.0,3.62,1.42,2.37,125.14,1.98,7.09,80.03,0.83,0.58,0.75,3.35,22.5,3.04,3.0,551.92,112.17,919.79,28728.0
Greece,2022,801.0,167.0,131.0,14224.0,,652.0,10284.0,79.0,98.0,123.0,342.0,2833.0,107.0,411.0,71130.0,12025.0,113407.0,7.66,1.6,1.25,135.99,,6.23,98.32,0.76,0.94,1.18,3.27,27.08,1.02,3.93,680.03,114.96,1084.2199999999998,62640.0
Hungary,2012,,108.0,,46857.0,,,,113.0,9.0,,,3036.0,,694.0,159047.0,5213.0,215077.0,,1.09,,471.78,,,,1.14,0.09,,,30.57,,6.99,1601.37,52.49,2165.52,20340.0
Hungary,2013,,105.0,,37688.0,,,,138.0,7.0,,,2298.0,,5974.0,124276.0,5408.0,175894.0,,1.06,,380.35,,,,1.39,0.07,,,23.19,,60.29,1254.2,54.58,1775.13,21250.0
Hungary,2014,,106.0,,29883.0,,,,129.0,3.0,,,1954.0,,773.0,106939.0,6123.0,145910.0,,1.07,,302.54,,,,1.31,0.03,,,19.78,,7.83,1082.67,61.99,1477.22,26004.0
Hungary,2015,,86.0,,28595.0,,,,202.0,11.0,,,1440.0,,1686.0,111326.0,6028.0,149374.0,,0.87,,290.14,,,,2.05,0.11,,,14.61,,17.11,1129.57,61.16,1515.62,25787.0
Hungary,2016,,97.0,968.0,,270.0,1165.0,45000.0,91.0,5.0,51.0,,1104.0,523.0,600.0,93592.0,5758.0,149224.0,,0.99,9.85,,2.75,11.85,457.76,0.93,0.05,0.52,,11.23,5.32,6.1,952.06,58.57,1517.98,23803.0
Hungary,2017,5069.0,72.0,1005.0,,1433.0,1281.0,25389.0,85.0,3.0,87.0,,841.0,1634.0,588.0,80335.0,6462.0,124284.0,51.74,0.73,10.26,,14.63,13.07,259.14,0.87,0.03,0.89,,8.58,16.68,6.0,819.95,65.96,1268.5300000000002,36453.0
Hungary,2018,3622.0,59.0,1871.0,,209.0,2238.0,21075.0,83.0,3.0,241.0,,696.0,476.0,541.0,64190.0,8021.0,103325.0,37.04,0.6,19.13,,2.14,22.89,215.53,0.85,0.03,2.46,,7.12,4.87,5.53,656.45,82.03,1056.67,49312.0
Hungary,2019,3242.0,55.0,387.0,,248.0,1806.0,16936.0,58.0,5.0,188.0,,633.0,336.0,385.0,56967.0,6542.0,87788.0,33.17,0.56,3.96,,2.54,18.48,173.3,0.59,0.05,1.92,,6.48,3.44,3.94,582.92,66.94,898.29,55297.0
Hungary,2020,4301.0,92.0,2025.0,,269.0,2377.0,15451.0,77.0,11.0,301.0,,608.0,371.0,504.0,50441.0,6504.0,83332.0,44.02,0.94,20.73,,2.75,24.33,158.16,0.79,0.11,3.08,,6.22,3.8,5.16,516.31,66.57,852.9699999999999,43785.0
Hungary,2021,3860.0,63.0,6148.0,,390.0,6516.0,15458.0,67.0,4.0,351.0,,541.0,496.0,473.0,42428.0,6971.0,83766.0,39.67,0.65,63.18,,4.01,66.96,158.86,0.69,0.04,3.61,,5.56,5.1,4.86,436.02,71.64,860.85,49069.0
Hungary,2022,5892.0,99.0,818.0,,,1111.0,20844.0,85.0,7.0,533.0,,533.0,462.0,587.0,48616.0,7418.0,87005.0,60.81,1.02,8.44,,,11.47,215.13,0.88,0.07,5.5,,5.5,4.77,6.06,501.76,76.56,897.9699999999999,55514.0
Iceland,2012,,6.0,,1374.0,,,,1.0,,,,50.0,,,4147.0,1874.0,7452.0,,1.88,,429.95,,,,0.31,,,,15.65,,,1297.66,586.4,2331.85,2827.0
Iceland,2013,,5.0,,1092.0,,,,1.0,,,,49.0,,731.0,4102.0,2134.0,8114.0,,1.55,,339.28,,,,0.31,,,,15.22,,227.12,1274.48,663.03,2520.9900000000002,3932.0
Iceland,2014,,5.0,,1143.0,,,,2.0,,,,51.0,,419.0,3670.0,2350.0,7640.0,,1.54,,350.97,,,,0.61,,,,15.66,,128.66,1126.9,721.59,2345.9300000000003,4348.0
Iceland,2015,,1.0,,1273.0,,,,3.0,,,,53.0,,442.0,4032.0,1880.0,7684.0,,0.3,,386.81,,,,0.91,,,,16.1,,134.31,1225.16,571.25,2334.84,4963.0
Iceland,2016,,6.0,,1038.0,,,,1.0,,,,50.0,,498.0,3472.0,1846.0,6911.0,,1.8,,312.15,,,,0.3,,,,15.04,,149.76,1044.12,555.14,2078.31,7859.0
Iceland,2017,,8.0,,1060.0,,,463.0,3.0,,,,49.0,,476.0,3822.0,2169.0,8050.0,,2.36,,313.29,,,136.84,0.89,,,,14.48,,140.68,1129.6,641.05,2379.1899999999996,11758.0
Iceland,2018,,5.0,,1286.0,3.0,,537.0,2.0,,104.0,,77.0,,551.0,3285.0,2240.0,8090.0,,1.43,,369.06,0.86,,154.11,0.57,,29.85,,22.1,,158.13,942.75,642.85,2321.71,11537.0
Iceland,2019,,2.0,,1161.0,5.0,,596.0,1.0,,245.0,,54.0,162.0,658.0,3476.0,2174.0,8534.0,,0.56,,325.22,1.4,,166.95,0.28,,68.63,,15.13,45.38,184.32,973.69,608.98,2390.54,9546.0
Iceland,2020,,5.0,,1059.0,33.0,,673.0,3.0,,288.0,,75.0,84.0,520.0,3503.0,1730.0,7973.0,,1.37,,290.83,9.06,,184.82,0.82,,79.09,,20.6,23.07,142.8,962.01,475.1,2189.57,7711.0
Iceland,2021,,8.0,,1048.0,44.0,,641.0,2.0,,258.0,,60.0,85.0,646.0,3760.0,1686.0,8238.0,,2.17,,284.17,11.93,,173.81,0.54,,69.96,,16.27,23.05,175.17,1019.54,457.17,2233.78,8547.0
Iceland,2022,,12.0,,1086.0,,,546.0,4.0,,156.0,,66.0,34.0,622.0,3414.0,1710.0,7650.0,,3.19,,288.64,,,145.12,1.06,,41.46,,17.54,9.04,165.32,907.38,454.49,2033.2399999999998,15438.0
Ireland,2012,,9.0,,28439.0,,,,52.0,65.0,,,2811.0,,1835.0,76113.0,16381.0,125705.0,,0.19,,620.57,,,,1.13,1.41,,,61.33,,40.04,1660.87,357.45,2742.99,37200.0
Ireland,2013,,13.0,,26291.0,,,,51.0,80.0,,,2795.0,,1778.0,78431.0,15326.0,124765.0,,0.28,,572.65,,,,1.11,1.74,,,60.88,,38.73,1708.33,333.82,2717.54,41000.0
Ireland,2014,,15.0,,27679.0,,,,53.0,60.0,,,2650.0,,1864.0,77619.0,15863.0,125803.0,,0.33,,596.81,,,,1.15,1.3,,,57.14,,40.19,1673.6,342.03,2712.5499999999997,43700.0
Ireland,2015,,13.0,,25712.0,,,,30.0,92.0,,,2424.0,,2306.0,72716.0,14553.0,117846.0,,0.28,,549.68,,,,0.64,1.97,,,51.82,,49.3,1554.55,311.12,2519.3599999999997,49300.0
Ireland,2016,,24.0,,18082.0,286.0,,4902.0,34.0,74.0,,,1955.0,316.0,2545.0,62017.0,15310.0,105545.0,,0.51,,382.58,6.05,,103.72,0.72,1.57,,,41.36,6.69,53.85,1312.17,323.93,2233.15,53900.0
Ireland,2017,,13.0,,18765.0,340.0,4.0,3944.0,39.0,79.0,,,2018.0,363.0,2531.0,66923.0,16267.0,111286.0,,0.27,,392.21,7.11,0.08,82.43,0.82,1.65,,,42.18,7.59,52.9,1398.78,340.0,2326.02,57200.0
Ireland,2018,37.0,14.0,,16621.0,398.0,6.0,4552.0,39.0,85.0,,,2179.0,423.0,2806.0,64473.0,17734.0,109367.0,0.77,0.29,,344.09,8.24,0.12,94.24,0.81,1.76,,,45.11,8.76,58.09,1334.74,367.13,2264.15,61900.0
Ireland,2019,102.0,27.0,,16415.0,500.0,5.0,5635.0,32.0,87.0,254.0,,2036.0,514.0,2858.0,65405.0,20596.0,114466.0,2.08,0.55,,334.71,10.2,0.1,114.9,0.65,1.77,5.18,,41.52,10.48,58.28,1333.64,419.96,2334.02,61700.0
Ireland,2020,72.0,19.0,,10575.0,449.0,7.0,5900.0,32.0,106.0,624.0,,1402.0,454.0,2604.0,48785.0,22173.0,93202.0,1.45,0.38,,213.01,9.04,0.14,118.85,0.64,2.14,12.57,,28.24,9.15,52.45,982.69,446.64,1877.3899999999999,56500.0
Ireland,2021,108.0,16.0,,8383.0,506.0,8.0,15212.0,23.0,100.0,833.0,,1172.0,504.0,2973.0,44553.0,19193.0,93584.0,2.16,0.32,,167.45,10.11,0.16,303.86,0.46,2.0,16.64,,23.41,10.07,59.38,889.93,383.38,1869.33,35000.0
Ireland,2022,100.0,12.0,,9182.0,,4.0,10256.0,44.0,91.0,545.0,,1408.0,375.0,3175.0,62282.0,16664.0,104138.0,1.98,0.24,,181.46,,0.08,202.69,0.87,1.8,10.77,,27.83,7.41,62.75,1230.87,329.33,2058.08,91800.0
Italy,2012,,1327.0,,237355.0,,,,530.0,341.0,,,62641.0,,,1066669.0,33852.0,1402715.0,,2.23,,399.63,,,,0.89,0.57,,,105.47,,,1795.91,57.0,2361.7000000000003,321305.0
Italy,2013,,1222.0,,251422.0,,,,506.0,325.0,,,63770.0,,4488.0,1303355.0,33578.0,1658666.0,,2.05,,421.25,,,,0.85,0.54,,,106.84,,7.52,2183.71,56.26,2779.0200000000004,279021.0
Italy,2014,,1250.0,,255886.0,,,,487.0,297.0,,,39236.0,,4754.0,1317327.0,32718.0,1651955.0,,2.06,,420.99,,,,0.8,0.49,,,64.55,,7.82,2167.27,53.83,2717.8100000000004,248360.0
Italy,2015,,1203.0,,234726.0,,,,471.0,287.0,,,35086.0,,4511.0,1229103.0,31786.0,1537173.0,,1.98,,386.09,,,,0.77,0.47,,,57.71,,7.42,2021.7,52.28,2528.42,250026.0
Italy,2016,,1079.0,525.0,214053.0,513.0,21303.0,182103.0,404.0,197.0,1805.0,780.0,33422.0,2321.0,4513.0,1132814.0,35189.0,1631021.0,,1.78,0.87,352.84,0.85,35.12,300.18,0.67,0.32,2.98,1.29,55.09,3.83,7.44,1867.31,58.0,2688.5699999999997,262929.0
Italy,2017,9430.0,1098.0,533.0,195824.0,581.0,3572.0,194068.0,376.0,198.0,1941.0,691.0,31167.0,2294.0,5115.0,1069965.0,38339.0,1555192.0,15.56,1.81,0.88,323.2,0.96,5.9,320.3,0.62,0.33,3.2,1.14,51.44,3.79,8.44,1765.93,63.28,2566.78,301071.0
Italy,2018,12042.0,1050.0,408.0,191374.0,628.0,3367.0,218865.0,359.0,185.0,1959.0,614.0,28986.0,2183.0,5381.0,1016570.0,38776.0,1522747.0,19.91,1.74,0.67,316.4,1.04,5.57,361.86,0.59,0.31,3.24,1.02,47.92,3.61,8.9,1680.73,64.11,2517.62,285500.0
Italy,2019,14915.0,1019.0,460.0,165329.0,823.0,3469.0,278958.0,317.0,128.0,2218.0,556.0,24821.0,2322.0,5402.0,906552.0,37698.0,1444987.0,24.93,1.7,0.77,276.39,1.38,5.8,466.35,0.53,0.21,3.71,0.93,41.5,3.88,9.03,1515.55,63.02,2415.68,264571.0
Italy,2020,17990.0,876.0,409.0,109503.0,1101.0,3770.0,353688.0,285.0,117.0,2097.0,602.0,20479.0,2515.0,4918.0,612230.0,33876.0,1164456.0,30.16,1.47,0.69,183.6,1.85,6.32,593.02,0.48,0.2,3.52,1.01,34.34,4.22,8.25,1026.52,56.8,1952.45,191766.0
Italy,2021,20103.0,928.0,343.0,124715.0,1241.0,3842.0,440418.0,303.0,118.0,1687.0,704.0,22537.0,2566.0,5766.0,702153.0,29867.0,1357291.0,33.94,1.57,0.58,210.54,2.1,6.49,743.49,0.51,0.2,2.85,1.19,38.05,4.33,9.73,1185.34,50.42,2291.33,243607.0
Italy,2022,32720.0,1018.0,355.0,133802.0,,3671.0,410198.0,322.0,144.0,1561.0,442.0,26181.0,2247.0,6814.0,844951.0,29153.0,1493579.0,55.43,1.72,0.6,226.67,,6.22,694.9,0.55,0.24,2.64,0.75,44.35,3.81,11.54,1431.39,49.39,2530.2000000000003,336495.0
Latvia,2012,,13.0,,977.0,,,,97.0,1.0,,,943.0,,,21341.0,2750.0,26122.0,,0.64,,47.78,,,,4.74,0.05,,,46.12,,,1043.67,134.49,1277.49,3666.0
Latvia,2013,,5.0,,955.0,,,,69.0,18.0,,,917.0,,452.0,20623.0,1637.0,24676.0,,0.25,,47.19,,,,3.41,0.89,,,45.31,,22.33,1019.01,80.89,1219.28,3525.0
Latvia,2014,,4.0,,612.0,,,,77.0,17.0,,,809.0,,553.0,20578.0,2697.0,25347.0,,0.2,,30.58,,,,3.85,0.85,,,40.42,,27.63,1028.15,134.75,1266.43,4501.0
Latvia,2015,,2.0,,501.0,,,,81.0,17.0,,,779.0,,466.0,19387.0,3529.0,24762.0,,0.1,,25.23,,,,4.08,0.86,,,39.22,,23.46,976.14,177.69,1246.7800000000002,4505.0
Latvia,2016,,14.0,232.0,6365.0,312.0,287.0,1786.0,111.0,8.0,120.0,,651.0,333.0,220.0,14570.0,2663.0,27672.0,,0.71,11.78,323.27,15.85,14.58,90.71,5.64,0.41,6.09,,33.06,16.91,11.17,739.99,135.25,1405.42,3448.0
Latvia,2017,5.0,18.0,125.0,5231.0,158.0,185.0,1503.0,109.0,4.0,123.0,,604.0,187.0,262.0,14534.0,2989.0,26037.0,0.26,0.92,6.41,268.24,8.1,9.49,77.07,5.59,0.21,6.31,,30.97,9.59,13.44,745.29,153.27,1335.1599999999999,5125.0
Latvia,2018,18.0,23.0,147.0,4877.0,159.0,242.0,1758.0,101.0,10.0,196.0,,534.0,194.0,295.0,14047.0,2607.0,25208.0,0.93,1.19,7.6,252.12,8.22,12.51,90.88,5.22,0.52,10.13,,27.61,10.03,15.25,726.18,134.77,1303.1599999999999,6534.0
Latvia,2019,5.0,30.0,103.0,4210.0,189.0,354.0,1580.0,91.0,13.0,335.0,,493.0,245.0,303.0,13111.0,2355.0,23417.0,0.26,1.56,5.36,219.27,9.84,18.44,82.29,4.74,0.68,17.45,,25.68,12.76,15.78,682.88,122.66,1219.65,6612.0
Latvia,2020,5.0,20.0,121.0,3803.0,191.0,182.0,1731.0,93.0,12.0,415.0,,435.0,224.0,309.0,12799.0,1975.0,22315.0,0.26,1.05,6.34,199.35,10.01,9.54,90.74,4.88,0.63,21.75,,22.8,11.74,16.2,670.92,103.53,1169.74,4560.0
Latvia,2021,16.0,19.0,147.0,2779.0,227.0,205.0,2973.0,98.0,6.0,422.0,,263.0,292.0,335.0,7900.0,1463.0,17145.0,0.85,1.0,7.76,146.79,11.99,10.83,157.03,5.18,0.32,22.29,,13.89,15.42,17.69,417.28,77.28,905.6,6435.0
Latvia,2022,41.0,24.0,150.0,2762.0,,195.0,2322.0,76.0,10.0,463.0,,280.0,220.0,399.0,9621.0,1266.0,17829.0,2.19,1.28,8.0,147.25,,10.4,123.79,4.05,0.53,24.68,,14.93,11.73,21.27,512.91,67.49,950.4999999999999,7343.0
Lithuania,2012,,18.0,,3526.0,,,,181.0,65.0,,,1923.0,,441.0,23478.0,3006.0,32638.0,,0.6,,117.39,,,,6.03,2.16,,,64.02,,14.68,781.65,100.08,1086.61,2486.0
Lithuania,2013,,14.0,,3265.0,,,,172.0,46.0,,,1866.0,,255.0,27952.0,2354.0,35924.0,,0.47,,109.86,,,,5.79,1.55,,,62.79,,8.58,940.54,79.21,1208.79,3036.0
Lithuania,2014,,19.0,,3342.0,,,,155.0,0.0,,,1688.0,,317.0,27895.0,2587.0,36003.0,,0.65,,113.54,,,,5.27,0.0,,,57.35,,10.77,947.69,87.89,1223.16,4766.0
Lithuania,2015,,21.0,,2999.0,,,,168.0,0.0,,,1590.0,,263.0,22783.0,2524.0,30348.0,,0.72,,102.66,,,,5.75,0.0,,,54.43,,9.0,779.9,86.4,1038.86,3747.0
Lithuania,2016,497.0,19.0,62.0,2657.0,136.0,761.0,2870.0,142.0,0.0,32.0,0.0,1342.0,271.0,208.0,19963.0,2288.0,31248.0,17.21,0.66,2.15,91.98,4.71,26.35,99.36,4.92,0.0,1.11,0.0,46.46,9.38,7.2,691.11,79.21,1081.81,5955.0
Lithuania,2017,629.0,16.0,86.0,2590.0,148.0,749.0,2999.0,113.0,0.0,21.0,2.0,1088.0,333.0,226.0,17040.0,2622.0,28662.0,22.09,0.56,3.02,90.94,5.2,26.3,105.31,3.97,0.0,0.74,0.07,38.2,11.69,7.94,598.33,92.07,1006.4300000000001,10213.0
Lithuania,2018,545.0,31.0,38.0,1983.0,163.0,555.0,2783.0,97.0,0.0,55.0,9.0,822.0,417.0,219.0,12833.0,3220.0,23770.0,19.4,1.1,1.35,70.6,5.8,19.76,99.08,3.45,0.0,1.96,0.32,29.26,14.85,7.8,456.87,114.64,846.2400000000001,12322.0
Lithuania,2019,439.0,15.0,76.0,1641.0,189.0,495.0,2981.0,84.0,0.0,52.0,0.0,665.0,418.0,190.0,10902.0,3079.0,21226.0,15.71,0.54,2.72,58.73,6.76,17.72,106.69,3.01,0.0,1.86,0.0,23.8,14.96,6.8,390.17,110.19,759.6600000000001,19655.0
Lithuania,2020,460.0,11.0,313.0,1224.0,231.0,551.0,2688.0,99.0,1.0,83.0,10.0,479.0,482.0,126.0,9447.0,2940.0,19145.0,16.46,0.39,11.2,43.81,8.27,19.72,96.2,3.54,0.04,2.97,0.36,17.14,17.25,4.51,338.11,105.22,685.19,22292.0
Lithuania,2021,705.0,6.0,350.0,822.0,204.0,624.0,3278.0,70.0,1.0,42.0,5.0,310.0,350.0,147.0,7736.0,3145.0,17795.0,25.22,0.21,12.52,29.4,7.3,22.32,117.25,2.5,0.04,1.5,0.18,11.09,12.52,5.26,276.71,112.49,636.51,21146.0
Lithuania,2022,917.0,13.0,337.0,812.0,,525.0,3968.0,62.0,0.0,38.0,6.0,342.0,429.0,141.0,9628.0,3080.0,20298.0,32.68,0.46,12.01,28.94,,18.71,141.41,2.21,0.0,1.35,0.21,12.19,15.29,5.02,343.12,109.76,723.36,81041.0
Luxembourg,2012,,110.0,,3163.0,,,,3.0,57.0,,,527.0,,398.0,9243.0,2583.0,16084.0,,20.96,,602.64,,,,0.57,10.86,,,100.41,,75.83,1761.06,492.14,3064.47,19439.0
Luxembourg,2013,,83.0,,3399.0,,,,2.0,48.0,,,582.0,,357.0,10334.0,3222.0,18027.0,,15.46,,632.91,,,,0.37,8.94,,,108.37,,66.48,1924.26,599.96,3356.75,19797.0
Luxembourg,2014,,84.0,,4368.0,,,,4.0,52.0,,,615.0,,359.0,10259.0,4190.0,19931.0,,15.28,,794.64,,,,0.73,9.46,,,111.88,,65.31,1866.36,762.26,3625.92,21024.0
Luxembourg,2015,,65.0,,2111.0,,,,5.0,53.0,,,554.0,,328.0,9193.0,4675.0,16984.0,,11.55,,374.98,,,,0.89,9.41,,,98.41,,58.26,1632.98,830.43,3016.9100000000003,22608.0
Luxembourg,2016,,72.0,5.0,1892.0,,5.0,989.0,5.0,50.0,,22.0,459.0,,263.0,9954.0,3981.0,17697.0,,12.49,0.87,328.33,,0.87,171.63,0.87,8.68,,3.82,79.65,,45.64,1727.38,690.85,3071.080000000001,21557.0
Luxembourg,2017,,74.0,1.0,2024.0,,1.0,588.0,2.0,46.0,,25.0,454.0,,233.0,10090.0,2683.0,16221.0,,12.53,0.17,342.66,,0.17,99.55,0.34,7.79,,4.23,76.86,,39.45,1708.24,454.23,2746.2200000000003,23180.0
Luxembourg,2018,,69.0,3.0,3667.0,,3.0,646.0,3.0,36.0,,29.0,449.0,,227.0,10312.0,3003.0,18447.0,,11.46,0.5,609.13,,0.5,107.31,0.5,5.98,,4.82,74.58,,37.71,1712.94,498.83,3064.26,23353.0
Luxembourg,2019,,59.0,1.0,3531.0,,1.0,744.0,4.0,44.0,,18.0,457.0,,296.0,9925.0,4238.0,19318.0,,9.61,0.16,575.18,,0.16,121.19,0.65,7.17,,2.93,74.44,,48.22,1616.73,690.35,3146.79,25150.0
Luxembourg,2020,,96.0,5.0,2984.0,,5.0,1475.0,2.0,42.0,,36.0,472.0,,289.0,9258.0,4619.0,19283.0,,15.33,0.8,476.6,,0.8,235.58,0.32,6.71,,5.75,75.39,,46.16,1478.66,737.73,3079.83,20970.0
Luxembourg,2021,,69.0,4.0,3106.0,,4.0,2299.0,3.0,37.0,,61.0,595.0,,348.0,10902.0,3773.0,21201.0,,10.87,0.63,489.34,,0.63,362.2,0.47,5.83,,9.61,93.74,,54.83,1717.58,594.43,3340.16,23758.0
Luxembourg,2022,,90.0,0.0,4090.0,,0.0,4689.0,9.0,52.0,,70.0,652.0,7.0,392.0,16264.0,3586.0,29901.0,,13.94,0.0,633.72,,0.0,726.53,1.39,8.06,,10.85,101.02,1.08,60.74,2520.0,555.63,4632.96,29851.0
Netherlands,2012,,3615.0,,121055.0,,,,,600.0,,,14940.0,,4865.0,392775.0,16145.0,553995.0,,21.61,,723.57,,,,,3.59,,,89.3,,29.08,2347.68,96.5,3311.33,115678.0
Netherlands,2013,,3260.0,,120470.0,,,,147.0,525.0,,,13345.0,,4420.0,391945.0,16085.0,550197.0,,19.43,,717.96,,,,0.88,3.13,,,79.53,,26.34,2335.85,95.86,3278.9799999999996,122321.0
Netherlands,2014,,,,103365.0,,,,144.0,415.0,,,10450.0,,4290.0,365370.0,15193.0,499227.0,,,,614.2,,,,0.86,2.47,,,62.09,,25.49,2171.04,90.28,2966.43,139348.0
Netherlands,2015,,,,96590.0,,,,120.0,435.0,,,9730.0,,4160.0,335120.0,13825.0,459980.0,,,,571.51,,,,0.71,2.57,,,57.57,,24.61,1982.87,81.8,2721.6400000000003,159483.0
Netherlands,2016,,,,84605.0,,6905.0,62999.0,108.0,420.0,610.0,,8980.0,455.0,4735.0,304055.0,12450.0,486322.0,,,,498.29,,40.67,371.04,0.64,2.47,3.59,,52.89,2.68,27.89,1790.76,73.33,2864.25,182160.0
Netherlands,2017,2320.0,,,74695.0,,6740.0,,158.0,400.0,700.0,,7975.0,430.0,4805.0,259095.0,11720.0,369038.0,13.58,,,437.29,,39.46,,0.92,2.34,4.1,,46.69,2.52,28.13,1516.82,68.61,2160.46,183856.0
Netherlands,2018,2945.0,,,63100.0,,6630.0,,119.0,425.0,901.0,,7785.0,460.0,5155.0,233985.0,12480.0,333985.0,17.14,,,367.26,,38.59,,0.69,2.47,5.24,,45.31,2.68,30.0,1361.88,72.64,1943.9,191005.0
Netherlands,2019,4865.0,,,58950.0,,6605.0,,125.0,510.0,1380.0,,8590.0,570.0,4300.0,233860.0,13925.0,333680.0,28.15,,,341.1,,38.22,,0.72,2.95,7.99,,49.7,3.3,24.88,1353.19,80.57,1930.77,215228.0
Netherlands,2020,,,,49845.0,,5890.0,,121.0,520.0,1945.0,,7305.0,465.0,4020.0,204740.0,12800.0,287651.0,,,,286.34,,33.84,,0.7,2.99,11.17,,41.96,2.67,23.09,1176.15,73.53,1652.44,170612.0
Netherlands,2021,,,,37185.0,,5285.0,,126.0,455.0,2480.0,,5545.0,490.0,4665.0,183955.0,11595.0,251781.0,,,,212.78,,30.24,,0.72,2.6,14.19,,31.73,2.8,26.69,1052.65,66.35,1440.75,208056.0
Netherlands,2022,,,,37315.0,,5415.0,,142.0,,1535.0,,5955.0,505.0,5835.0,233055.0,11705.0,301462.0,,,,212.13,,30.78,,0.81,,8.73,,33.85,2.87,33.17,1324.88,66.54,1713.76,359331.0
Norway,2012,,50.0,,17391.0,,,,27.0,,,,1484.0,,3576.0,155365.0,44148.0,222041.0,,1.0,,348.81,,,,0.54,,,,29.76,,71.72,3116.11,885.46,4453.4,70012.0
Norway,2013,,57.0,,15740.0,,,,47.0,,,,1667.0,,3526.0,145940.0,47286.0,214263.0,,1.13,,311.6,,,,0.93,,,,33.0,,69.8,2889.17,936.12,4241.75,66934.0
Norway,2014,,60.0,,14890.0,,,,29.0,,,,1063.0,,3746.0,132018.0,45368.0,197174.0,,1.17,,291.51,,,,0.57,,,,20.81,,73.34,2584.55,888.18,3860.13,61429.0
Norway,2015,,61.0,,,,,,24.0,,,,930.0,,4359.0,114828.0,41598.0,161800.0,,1.18,,,,,,0.46,,,,18.0,,84.37,2222.55,805.15,3131.71,59068.0
Norway,2016,,41.0,,,412.0,46.0,21361.0,27.0,,114.0,,810.0,571.0,5560.0,104507.0,36184.0,169633.0,,0.79,,,7.9,0.88,409.94,0.52,,2.19,,15.54,10.96,106.7,2005.61,694.41,3255.4399999999996,58508.0
Norway,2017,,49.0,,,909.0,82.0,19875.0,28.0,,116.0,,781.0,1106.0,5635.0,94179.0,33585.0,156345.0,,0.93,,,17.29,1.56,377.97,0.53,,2.21,,14.85,21.03,107.16,1791.05,638.7,2973.2799999999997,49774.0
Norway,2018,,70.0,,,1239.0,36.0,22532.0,25.0,,94.0,,788.0,1471.0,5796.0,92320.0,31633.0,156004.0,,1.32,,,23.4,0.68,425.48,0.47,,1.78,,14.88,27.78,109.45,1743.33,597.34,2945.91,44406.0
Norway,2019,,68.0,,,852.0,47.0,21032.0,28.0,,140.0,,881.0,1044.0,5065.0,94544.0,28793.0,152494.0,,1.28,,,15.99,0.88,394.73,0.53,,2.63,,16.53,19.59,95.06,1774.4,540.39,2862.01,44570.0
Norway,2020,,87.0,,,1054.0,40.0,18998.0,31.0,,157.0,,958.0,1259.0,5060.0,86519.0,25798.0,139961.0,,1.62,,,19.64,0.75,353.94,0.58,,2.92,,17.85,23.46,94.27,1611.88,480.63,2607.54,30818.0
Norway,2021,,83.0,,,1510.0,31.0,18928.0,29.0,,184.0,,766.0,1744.0,5775.0,79133.0,17518.0,125701.0,,1.54,,,28.01,0.57,351.08,0.54,,3.41,,14.21,32.35,107.12,1467.77,324.93,2331.5299999999997,46604.0
Norway,2022,,77.0,,,,41.0,23048.0,30.0,,188.0,,904.0,1749.0,5179.0,99312.0,14954.0,145482.0,,1.42,,,,0.76,424.83,0.55,,3.47,,16.66,32.24,95.46,1830.54,275.64,2681.57,83281.0
Poland,2012,,201.0,,127961.0,,,,377.0,316.0,,,16685.0,,,230751.0,76358.0,452649.0,,0.53,,336.18,,,,0.99,0.83,,,43.83,,,606.22,200.6,1189.18,47131.0
Poland,2013,,233.0,,118534.0,,,,296.0,445.0,,,19533.0,,3055.0,212143.0,71939.0,426178.0,,0.61,,311.42,,,,0.78,1.17,,,51.32,,8.03,557.35,189.0,1119.6799999999998,46614.0
Poland,2014,,210.0,,106896.0,,,,282.0,292.0,,,13868.0,,2931.0,168567.0,63806.0,356852.0,,0.55,,281.17,,,,0.74,0.77,,,36.48,,7.71,443.39,167.83,938.6400000000001,31977.0
Poland,2015,,172.0,,94680.0,,,,287.0,246.0,,,10210.0,,2755.0,145212.0,55018.0,308580.0,,0.45,,249.12,,,,0.76,0.65,,,26.86,,7.25,382.08,144.76,811.93,86087.0
Poland,2016,3130.0,170.0,6166.0,79928.0,1997.0,7092.0,108647.0,256.0,,338.0,485.0,9634.0,3071.0,3155.0,126392.0,60449.0,410910.0,8.24,0.45,16.24,210.52,5.26,18.68,286.16,0.67,,0.89,1.28,25.37,8.09,8.31,332.9,159.21,1082.27,107038.0
Poland,2017,2873.0,221.0,5013.0,67712.0,1927.0,7417.0,129038.0,278.0,,371.0,576.0,8114.0,3292.0,3221.0,106923.0,64652.0,401628.0,7.57,0.58,13.2,178.32,5.07,19.53,339.82,0.73,,0.98,1.52,21.37,8.67,8.48,281.58,170.26,1057.68,127997.0
Poland,2018,2852.0,230.0,8989.0,69148.0,3490.0,10036.0,117430.0,265.0,,479.0,457.0,6801.0,4681.0,3328.0,98833.0,60073.0,387092.0,7.51,0.61,23.67,182.08,9.19,26.43,309.22,0.7,,1.26,1.2,17.91,12.33,8.76,260.25,158.18,1019.3000000000001,137588.0
Poland,2019,5540.0,293.0,4085.0,71392.0,13615.0,6241.0,140031.0,205.0,,1290.0,493.0,6473.0,14709.0,3560.0,102585.0,66831.0,437343.0,14.59,0.77,10.76,188.01,35.85,16.44,368.77,0.54,,3.4,1.3,17.05,38.74,9.38,270.15,176.0,1151.75,163235.0
Poland,2020,6115.0,329.0,5065.0,74502.0,5367.0,7505.0,138187.0,261.0,,649.0,872.0,5288.0,6539.0,2939.0,98519.0,66550.0,418687.0,16.11,0.87,13.34,196.27,14.14,19.77,364.05,0.69,,1.71,2.3,13.93,17.23,7.74,259.55,175.32,1103.02,163512.0
Poland,2021,6171.0,314.0,4957.0,73474.0,4005.0,6109.0,176910.0,265.0,,849.0,896.0,4874.0,5680.0,3214.0,108720.0,69623.0,466061.0,16.31,0.83,13.1,194.17,10.58,16.14,467.52,0.7,,2.24,2.37,12.88,15.01,8.49,287.32,183.99,1231.65,224206.0
Poland,2022,7290.0,239.0,3072.0,70256.0,,5373.0,174543.0,258.0,,1055.0,1083.0,4832.0,5436.0,3372.0,120901.0,70106.0,467816.0,19.36,0.63,8.16,186.58,,14.27,463.54,0.69,,2.8,2.88,12.83,14.44,8.96,321.08,186.18,1242.4,335289.0
Portugal,2012,,,,43843.0,,,,122.0,419.0,,,18514.0,,2134.0,102271.0,4638.0,171941.0,,,,415.87,,,,1.16,3.97,,,175.61,,20.24,970.09,43.99,1630.93,38537.0
Portugal,2013,,,,38390.0,,,,144.0,432.0,,,16590.0,,2136.0,94902.0,4650.0,157244.0,,,,366.06,,,,1.37,4.12,,,158.19,,20.37,904.92,44.34,1499.37,33246.0
Portugal,2014,,,,34612.0,,,,92.0,376.0,,,15594.0,,2331.0,91041.0,4751.0,148797.0,,,,331.94,,,,0.88,3.61,,,149.55,,22.35,873.1,45.56,1426.9900000000002,35265.0
Portugal,2015,,,,29386.0,,,,100.0,369.0,,,15472.0,,2445.0,98434.0,5298.0,151504.0,,,,283.24,,,,0.96,3.56,,,149.13,,23.57,948.78,51.07,1460.31,37851.0
Portugal,2016,801.0,,69.0,26193.0,,152.0,19482.0,66.0,296.0,18.0,10.0,13313.0,,2473.0,89305.0,5746.0,157924.0,7.75,,0.67,253.28,,1.47,188.39,0.64,2.86,0.17,0.1,128.74,,23.91,863.57,55.56,1527.1100000000001,46921.0
Portugal,2017,976.0,,84.0,22873.0,,176.0,22933.0,76.0,292.0,25.0,10.0,11885.0,,2538.0,88541.0,6481.0,156890.0,9.47,,0.81,221.86,,1.71,222.44,0.74,2.83,0.24,0.1,115.28,,24.62,858.82,62.86,1521.7799999999997,61413.0
Portugal,2018,924.0,,71.0,22832.0,,166.0,23917.0,81.0,273.0,31.0,6.0,10545.0,158.0,2463.0,87569.0,6540.0,155576.0,8.98,,0.69,221.86,,1.61,232.41,0.79,2.65,0.3,0.06,102.47,1.54,23.93,850.93,63.55,1511.7699999999998,93154.0
Portugal,2019,1319.0,,70.0,21432.0,,170.0,30976.0,73.0,338.0,36.0,8.0,10926.0,261.0,2701.0,82120.0,5749.0,156179.0,12.83,,0.68,208.55,,1.65,301.42,0.71,3.29,0.35,0.08,106.32,2.54,26.28,799.1,55.94,1519.7400000000002,129155.0
Portugal,2020,1672.0,,62.0,19133.0,,154.0,37003.0,81.0,254.0,47.0,5.0,8976.0,499.0,2434.0,65159.0,3966.0,139445.0,16.24,,0.6,185.83,,1.5,359.4,0.79,2.47,0.46,0.05,87.18,4.85,23.64,632.86,38.52,1354.3899999999999,118124.0
Portugal,2021,1496.0,,100.0,16406.0,,212.0,40205.0,82.0,229.0,51.0,3.0,7894.0,473.0,2719.0,63954.0,4441.0,138265.0,14.53,,0.97,159.31,,2.06,390.41,0.8,2.22,0.5,0.03,76.65,4.59,26.4,621.02,43.12,1342.6100000000001,111311.0
Portugal,2022,2219.0,,56.0,16941.0,,175.0,44668.0,75.0,250.0,49.0,6.0,8808.0,409.0,3024.0,73365.0,6459.0,156504.0,21.44,,0.54,163.65,,1.69,431.49,0.72,2.41,0.47,0.06,85.08,3.95,29.21,708.7,62.39,1511.8,143081.0
Slovenia,2012,,30.0,,14106.0,,,,14.0,4.0,,,391.0,,289.0,33905.0,1760.0,50499.0,,1.46,,686.26,,,,0.68,0.19,,,19.02,,14.06,1649.48,85.62,2456.77,12281.0
Slovenia,2013,,28.0,,15370.0,,,,12.0,4.0,,,377.0,,292.0,34942.0,1712.0,52737.0,,1.36,,746.54,,,,0.58,0.19,,,18.31,,14.18,1697.18,83.15,2561.49,11621.0
Slovenia,2014,,16.0,,13603.0,,,,17.0,5.0,,,297.0,,224.0,30103.0,1662.0,45927.0,,0.78,,659.99,,,,0.82,0.24,,,14.41,,10.86,1460.54,80.64,2228.2799999999997,11311.0
Slovenia,2015,,26.0,,10251.0,,,,20.0,3.0,,,232.0,,172.0,22798.0,1737.0,35239.0,,1.26,,496.93,,,,0.97,0.15,,,11.25,,8.33,1105.16,84.2,1708.25,12665.0
Slovenia,2016,273.0,26.0,199.0,10707.0,110.0,1159.0,4383.0,10.0,3.0,51.0,1.0,226.0,,230.0,21394.0,1437.0,40209.0,13.23,1.26,9.64,518.7,5.33,56.15,212.34,0.48,0.15,2.47,0.05,10.95,,11.14,1036.44,69.62,1947.9499999999998,13760.0
Slovenia,2017,202.0,41.0,80.0,8752.0,187.0,971.0,4002.0,19.0,1.0,,1.0,238.0,,223.0,20539.0,1624.0,36880.0,9.78,1.98,3.87,423.64,9.05,47.0,193.72,0.92,0.05,,0.05,11.52,,10.79,994.19,78.61,1785.17,15520.0
Slovenia,2018,237.0,37.0,108.0,8397.0,141.0,213.0,3907.0,9.0,6.0,,4.0,322.0,,187.0,18580.0,1517.0,33665.0,11.47,1.79,5.23,406.26,6.82,10.31,189.03,0.44,0.29,,0.19,15.58,,9.04,898.94,73.4,1628.79,24101.0
Slovenia,2019,239.0,17.0,185.0,8337.0,134.0,219.0,3978.0,14.0,11.0,59.0,5.0,314.0,153.0,241.0,26283.0,1372.0,41561.0,11.49,0.82,8.89,400.64,6.44,10.52,191.17,0.67,0.53,2.84,0.24,15.09,7.35,11.58,1263.05,65.93,1997.25,40504.0
Slovenia,2020,222.0,34.0,298.0,8281.0,150.0,312.0,3405.0,11.0,3.0,69.0,1.0,255.0,162.0,215.0,24429.0,1496.0,39343.0,10.59,1.62,14.22,395.11,7.16,14.89,162.46,0.52,0.14,3.29,0.05,12.17,7.73,10.26,1165.58,71.38,1877.17,25494.0
Slovenia,2021,167.0,22.0,187.0,4744.0,175.0,248.0,3488.0,9.0,4.0,59.0,4.0,222.0,209.0,238.0,18128.0,1418.0,29322.0,7.92,1.04,8.87,224.94,8.3,11.76,165.39,0.43,0.19,2.8,0.19,10.53,9.91,11.29,859.56,67.24,1390.36,32487.0
Slovenia,2022,215.0,27.0,191.0,5605.0,,623.0,3661.0,13.0,1.0,93.0,0.0,215.0,189.0,289.0,21548.0,1382.0,34052.0,10.2,1.28,9.06,266.0,,29.57,173.74,0.62,0.05,4.41,0.0,10.2,8.97,13.72,1022.6,65.59,1616.0100000000002,36763.0
Spain,2012,,761.0,,222701.0,,,,364.0,118.0,,,96607.0,,9008.0,165297.0,14509.0,509365.0,,1.63,,475.67,,,,0.78,0.25,,,206.34,,19.24,353.06,30.99,1087.96,272489.0
Spain,2013,,662.0,,222069.0,,,,302.0,121.0,,,86034.0,,8923.0,163464.0,14296.0,495871.0,,1.42,,475.24,,,,0.65,0.26,,,184.12,,19.1,349.82,30.59,1061.2,248350.0
Spain,2014,,725.0,,207124.0,,,,323.0,99.0,,,70855.0,,9468.0,155253.0,13411.0,457258.0,,1.56,,445.31,,,,0.69,0.21,,,152.34,,20.36,333.79,28.83,983.0899999999999,264485.0
Spain,2015,,715.0,,192243.0,,,,302.0,93.0,,,64581.0,,7496.0,205751.0,12069.0,483250.0,,1.54,,413.87,,,,0.65,0.2,,,139.03,,16.14,442.96,25.98,1040.37,290005.0
Spain,2016,,813.0,76.0,187741.0,621.0,1144.0,183005.0,294.0,94.0,262.0,1211.0,62952.0,1293.0,8726.0,163077.0,12448.0,623757.0,,1.75,0.16,404.26,1.34,2.46,394.07,0.63,0.2,0.56,2.61,135.56,2.78,18.79,351.16,26.8,1343.1299999999999,352174.0
Spain,2017,4441.0,820.0,72.0,173883.0,767.0,1127.0,214595.0,307.0,69.0,260.0,1136.0,61763.0,1433.0,9464.0,162426.0,12958.0,645521.0,9.54,1.76,0.15,373.72,1.65,2.42,461.22,0.66,0.15,0.56,2.44,132.74,3.08,20.34,349.09,27.85,1387.37,453950.0
Spain,2018,4576.0,829.0,80.0,174867.0,892.0,974.0,289182.0,289.0,81.0,272.0,1425.0,60295.0,1407.0,11612.0,168203.0,14133.0,729117.0,9.81,1.78,0.17,374.78,1.91,2.09,619.78,0.62,0.17,0.58,3.05,129.23,3.02,24.89,360.5,30.29,1562.67,559998.0
Spain,2019,5477.0,834.0,54.0,165235.0,866.0,884.0,327616.0,331.0,89.0,295.0,1165.0,65874.0,1483.0,13031.0,175850.0,16624.0,775708.0,11.67,1.78,0.12,352.04,1.85,1.88,697.99,0.71,0.19,0.63,2.48,140.35,3.16,27.76,374.65,35.42,1652.68,666022.0
Spain,2020,6243.0,980.0,47.0,133704.0,762.0,762.0,360551.0,298.0,76.0,310.0,1317.0,45263.0,1328.0,11112.0,104521.0,17112.0,684386.0,13.19,2.07,0.1,282.48,1.61,1.61,761.74,0.63,0.16,0.65,2.78,95.63,2.81,23.48,220.82,36.15,1445.9099999999999,415150.0
Spain,2021,7480.0,1034.0,139.0,127572.0,739.0,1032.0,363203.0,290.0,97.0,343.0,1668.0,53073.0,1315.0,14918.0,124302.0,18313.0,715518.0,15.78,2.18,0.29,269.15,1.56,2.18,766.27,0.61,0.2,0.72,3.52,111.97,2.77,31.47,262.25,38.64,1509.56,752309.0
Spain,2022,7240.0,1215.0,175.0,148712.0,,1395.0,438207.0,325.0,84.0,411.0,2034.0,63392.0,2008.0,16789.0,181687.0,19057.0,882731.0,15.26,2.56,0.37,313.52,,2.94,923.85,0.69,0.18,0.87,4.29,133.65,4.23,35.4,383.04,40.18,1861.03,1120474.0
Sweden,2012,,798.0,,88066.0,,,,68.0,,,,9213.0,,16174.0,408420.0,97379.0,620118.0,,8.41,,928.69,,,,0.72,,,,97.15,,170.56,4306.93,1026.89,6539.350000000001,82597.0
Sweden,2013,,728.0,,85453.0,,,,87.0,,,,8361.0,,14891.0,410762.0,99175.0,619457.0,,7.62,,894.24,,,,0.91,,,,87.5,,155.83,4298.52,1037.84,6482.46,95361.0
Sweden,2014,,792.0,,83517.0,,,,87.0,,,,8364.0,,16910.0,399432.0,98219.0,607321.0,,8.21,,865.92,,,,0.9,,,,86.72,,175.33,4141.4,1018.36,6296.84,106100.0
Sweden,2015,,838.0,,90059.0,,,,112.0,,,,8461.0,,15237.0,399646.0,96558.0,610911.0,,8.6,,923.93,,,,1.15,,,,86.8,,156.32,4100.05,990.61,6267.46,113868.0
Sweden,2016,7553.0,879.0,251.0,89055.0,1337.0,21037.0,217460.0,106.0,,1971.0,,8562.0,1757.0,17681.0,375396.0,93547.0,836592.0,76.67,8.92,2.55,904.02,13.57,213.55,2207.49,1.08,,20.01,,86.91,17.84,179.48,3810.73,949.62,8492.439999999999,142986.0
Sweden,2017,7058.0,909.0,287.0,89981.0,2751.0,21095.0,253565.0,113.0,,3137.0,,8649.0,3089.0,18874.0,360113.0,102658.0,872279.0,70.61,9.09,2.87,900.25,27.52,211.05,2536.88,1.13,,31.39,,86.53,30.9,188.83,3602.88,1027.08,8727.01,124976.0
Sweden,2018,8827.0,868.0,441.0,77914.0,915.0,21031.0,301210.0,108.0,,6787.0,,8646.0,2292.0,19272.0,334286.0,108685.0,891282.0,87.22,8.58,4.36,769.88,9.04,207.81,2976.31,1.07,,67.06,,85.43,22.65,190.43,3303.14,1073.94,8806.92,114431.0
Sweden,2019,9052.0,983.0,161.0,75450.0,1426.0,20617.0,293383.0,111.0,,6773.0,,9035.0,3314.0,19960.0,329054.0,115388.0,884707.0,88.48,9.61,1.57,737.52,13.94,201.53,2867.82,1.09,,66.21,,88.32,32.39,195.11,3216.5,1127.92,8648.01,98235.0
Sweden,2020,8949.0,1085.0,152.0,81140.0,2337.0,19791.0,278954.0,124.0,,9303.0,,8812.0,4954.0,21144.0,311038.0,126245.0,874028.0,86.65,10.51,1.47,785.66,22.63,191.63,2701.06,1.2,,90.08,,85.32,47.97,204.73,3011.72,1222.41,8463.039999999999,65789.0
Sweden,2021,11566.0,993.0,400.0,73016.0,3221.0,21281.0,258221.0,113.0,,10534.0,,7301.0,6202.0,22598.0,288987.0,120233.0,824666.0,111.43,9.57,3.85,703.48,31.03,205.03,2487.85,1.09,,101.49,,70.34,59.75,217.72,2784.26,1158.39,7945.28,74395.0
Sweden,2022,9299.0,1016.0,173.0,69327.0,,19490.0,248730.0,116.0,,14958.0,,6483.0,5116.0,20940.0,298778.0,115875.0,810301.0,88.97,9.72,1.66,663.27,,186.47,2379.66,1.11,,143.11,,62.02,48.95,200.34,2858.48,1108.6,7752.36,86513.0
Switzerland,2012,,184.0,,73714.0,,,,45.0,5.0,,,3603.0,,2581.0,215178.0,92862.0,388172.0,,2.31,,926.67,,,,0.57,0.06,,,45.29,,32.44,2705.06,1167.39,4879.79,143783.0
Switzerland,2013,,152.0,,68730.0,,,,57.0,3.0,,,3196.0,,2696.0,197389.0,97289.0,369512.0,,1.89,,854.95,,,,0.71,0.04,,,39.76,,33.54,2455.37,1210.2,4596.46,155401.0
Switzerland,2014,,132.0,,63706.0,,,,41.0,1.0,,,2367.0,,2747.0,174601.0,80986.0,324581.0,,1.62,,782.66,,,,0.5,0.01,,,29.08,,33.75,2145.07,994.96,3987.65,152106.0
Switzerland,2015,,141.0,,52569.0,,,,57.0,4.0,,,1859.0,,2710.0,157911.0,86128.0,301379.0,,1.71,,638.15,,,,0.69,0.05,,,22.57,,32.9,1916.94,1045.54,3658.55,150432.0
Switzerland,2016,,187.0,20.0,46539.0,,3749.0,16424.0,45.0,3.0,663.0,70.0,1876.0,630.0,2742.0,146359.0,83268.0,302575.0,,2.25,0.24,558.88,,45.02,197.23,0.54,0.04,7.96,0.84,22.53,7.57,32.93,1757.62,999.96,3633.6099999999997,143100.0
Switzerland,2017,,191.0,25.0,41351.0,,3389.0,14227.0,45.0,3.0,807.0,64.0,1746.0,752.0,3755.0,141504.0,80074.0,287933.0,,2.27,0.3,491.13,,40.25,168.98,0.53,0.04,9.58,0.76,20.74,8.93,44.6,1680.66,951.05,3419.8200000000006,137803.0
Switzerland,2018,,149.0,18.0,38871.0,,19.0,17520.0,50.0,8.0,1225.0,11.0,1644.0,877.0,2843.0,131546.0,76308.0,271089.0,,1.76,0.21,458.16,,0.22,206.5,0.59,0.09,14.44,0.13,19.38,10.34,33.51,1550.49,899.42,3195.2400000000002,140087.0
Switzerland,2019,,161.0,13.0,36419.0,,14.0,19101.0,46.0,5.0,1772.0,57.0,1872.0,1485.0,2734.0,132646.0,75757.0,272082.0,,1.88,0.15,426.23,,0.16,223.55,0.54,0.06,20.74,0.67,21.91,17.38,32.0,1552.41,886.61,3184.29,140554.0
Switzerland,2020,,206.0,20.0,32819.0,1553.0,21.0,20759.0,47.0,6.0,3070.0,42.0,1949.0,1669.0,2909.0,121322.0,68600.0,254992.0,,2.39,0.23,381.35,18.05,0.24,241.21,0.55,0.07,35.67,0.49,22.65,19.39,33.8,1409.73,797.12,2962.94,136962.0
Switzerland,2021,,184.0,60.0,31186.0,1468.0,60.0,24087.0,42.0,5.0,3600.0,21.0,1736.0,1570.0,3050.0,117586.0,60887.0,245542.0,,2.12,0.69,359.69,16.93,0.69,277.81,0.48,0.06,41.52,0.24,20.02,18.11,35.18,1356.19,702.25,2831.98,141549.0
Switzerland,2022,,195.0,57.0,35732.0,,57.0,25762.0,42.0,4.0,3751.0,25.0,1941.0,2006.0,3147.0,138970.0,55304.0,266993.0,,2.23,0.65,408.89,,0.65,294.8,0.48,0.05,42.92,0.29,22.21,22.96,36.01,1590.27,632.86,3055.2699999999995,162435.0
Trkiye,2012,,,,119533.0,,,,1806.0,13431.0,,,10303.0,,,239926.0,,384999.0,,,,159.97,,,,2.42,17.97,,,13.79,,,321.08,,515.23,
Trkiye,2016,,,1716.0,,,4964.0,77500.0,,,992.0,6647.0,10892.0,,,,,102711.0,,,2.18,,,6.3,98.42,,,1.26,8.44,13.83,,,,,130.43,273869.0
Trkiye,2017,,,,,,,,,,,,12171.0,,,,,12171.0,,,,,,,,,,,,15.25,,,,,15.25,364561.0
Trkiye,2018,,,,120400.0,,,,1960.0,,,,10993.0,,,250668.0,,384021.0,,,,148.99,,,,2.43,,,,13.6,,,310.19,,475.21000000000004,466890.0
Trkiye,2019,,,,103663.0,,,,1839.0,,,,10897.0,,,216670.0,,333069.0,,,,126.41,,,,2.24,,,,13.29,,,264.22,,406.16,578488.0
Trkiye,2020,,,,95767.0,,,,1962.0,,,,11243.0,,,198115.0,,307087.0,,,,115.17,,,,2.36,,,,13.52,,,238.25,,369.3,242496.0
Trkiye,2021,,,,95471.0,,,,1967.0,,,,13228.0,,,210246.0,,320912.0,,,,114.18,,,,2.35,,,,15.82,,,251.45,,383.79999999999995,615095.0
Trkiye,2022,,,,107549.0,,,,2084.0,,,,15678.0,,,242527.0,,367838.0,,,,127.01,,,,2.46,,,,18.51,,,286.4,,434.38,399643.0
